{"cameraMode":{"drawMode":0,"name":"Shaded","section":"Shading Mode"},"sceneLighting":true,"audioPlay":false,"sceneViewState":{"m_AlwaysRefresh":false,"showFog":true,"showSkybox":true,"showFlares":true,"showImageEffects":true,"showParticleSystems":true,"showVisualEffectGraphs":true,"m_FxEnabled":true},"in2DMode":false,"pivot":{"x":0.12000000476837158,"y":2.8399999141693117,"z":-6.820000171661377},"rotation":{"x":-0.16825468838214875,"y":-0.4783255457878113,"z":0.09375293552875519,"w":-0.8568792939186096},"size":0.8871325850486755,"orthographic":true}